pdb,protChains,numProtChains,protChainLen,pepChains,numPepChains,pepChainLen
1A30, A B,2, 99 99,,0,
1AK4, A,1, 165,,0,
1B05, A,1, 517,,0,
1BC5, A,1, 271,,0,
1BE9, A,1, 115,,0,
1BHX, F B,2, 106 147,,0,
1EVH, A,1, 111,,0,
1FCH, A,1, 302,,0,
1GYB, A B,2, 122 122,,0,
1HQW, A,1, 239,,0,
1IHJ, A,1, 94,,0,
1JQ8, A B,2, 121 121,,0,
1JQ9, A B,2, 121 121,,0,
1JWG, B,1, 140,,0,
1LNA, E,1, 321,,0,
1MF4, A,1, 120,,0,
1NRS, H,1, 252,,0,
1NVR, A,1, 265,,0,
1NX0, A B,2, 176 176,,0,
1OLC, A,1, 517,,0,
1PAU, A B,2, 140 91,,0,
1S2K, A,1, 200,,0,
1SP5, A B,2, 101 100,,0,
1SUA, A,1, 263,,0,
1TG4, A,1, 121,,0,
1TJ9, A,1, 121,,0,
1TJK, A,1, 121,,0,
1TK4, A,1, 121,,0,
1W9E, B,1, 164,,0,
1ZBW, A,1, 361,,0,
2CYH, A,1, 164,,0,
2D5W, B,1, 602,,0,
2DQK, A,1, 280,,0,
2DUJ, A,1, 280,,0,
2FIB, A,1, 251,,0,
2FNX, A,1, 121,,0,
2GNS, A,1, 121,,0,
2H9M, C,1, 304,,0,
2HPL, A,1, 100,,0,
2NPH, A B,2, 99 99, T,1, 5
2PQ2, A,1, 280,,0,
3CPA, A,1, 308,,0,
3G6N, A,1, 185,,0,
3TPI, Z,1, 224,,0,
5SGA, E,1, 181,,0,
8GCH, F G,2, 131 96,,0,
8TLN, E,1, 321,,0,
